machine_id,n_train,n_test,anomaly_points,predicted_anomaly_points,precision,recall,f1,balanced_accuracy,roc_auc,average_precision,event_recall,false_positive_rate,threshold_quantile
machine-1-1,28479,28479,2694,4106,0.34802727715538234,0.5304380103934669,0.4202941176470588,0.713308979988279,0.8793956909680428,0.42217764328614404,1.0,0.10382005041690906,0.99
machine-1-2,23694,23694,542,289,0.3079584775086505,0.16420664206642066,0.21419975932611313,0.5777840397616139,0.8802426671035888,0.23902270769700112,0.9,0.008638562543192813,0.99
machine-1-3,23702,23703,817,443,0.4898419864559819,0.26560587515299877,0.34444444444444444,0.6278654211909361,0.7823396600103264,0.3264503090353611,1.0,0.009875032771126453,0.99
machine-1-4,23706,23707,720,422,0.466824644549763,0.27361111111111114,0.3450087565674256,0.6319114849939338,0.8326173489363553,0.3205558583440891,1.0,0.009788141123243572,0.99
machine-1-5,23705,23706,100,789,0.07224334600760456,0.57,0.12823397075365578,0.7694954672540879,0.8655968821486062,0.3163778183175269,1.0,0.03100906549182411,0.99
machine-1-6,23688,23689,3708,14879,0.23267692721285033,0.9336569579288025,0.37251842685748104,0.6811320673733898,0.8826358881282418,0.6781460311130926,0.9666666666666667,0.5713928231820229,0.99
machine-1-7,23697,23697,2398,178,0.7359550561797753,0.05462885738115096,0.10170807453416149,0.5262110905056842,0.7680553198999386,0.3075282693605557,0.7692307692307693,0.002206676369782619,0.99
machine-1-8,23698,23699,763,868,0.17972350230414746,0.20445609436435125,0.1912936848559166,0.5867065961881052,0.6342592825394591,0.17314065283270164,0.65,0.031042901988140914,0.99
machine-2-1,23693,23694,1170,293,0.3174061433447099,0.07948717948717948,0.127136021872864,0.535303880988484,0.6987509998831256,0.17480652559000964,0.9230769230769231,0.00887941751021133,0.99
machine-2-2,23699,23700,2833,742,0.2695417789757412,0.0705965407695023,0.11188811188811189,0.5223112573977382,0.6516522684446064,0.2000767032031613,0.9090909090909091,0.025974025974025976,0.99
machine-2-3,23688,23689,269,461,0.3774403470715835,0.6468401486988847,0.4767123287671233,0.8172928326756592,0.9512347658246535,0.5351475502060634,1.0,0.012254483347566182,0.99
machine-2-4,23689,23689,1694,593,0.47554806070826305,0.16646989374262103,0.2466112811543507,0.576165158282995,0.7659477991268274,0.2768824438330571,0.9,0.014139577176631052,0.99
machine-2-5,23688,23689,980,593,0.4317032040472175,0.2612244897959184,0.32549268912905277,0.6231922792455746,0.8856605445472038,0.33784530950643155,1.0,0.014839931304769034,0.99
machine-2-6,28743,28743,424,756,0.25,0.44575471698113206,0.32033898305084746,0.7128664117763459,0.8733685698047914,0.41234715138568606,1.0,0.02002189342844027,0.99
machine-2-7,23696,23696,417,515,0.6446601941747573,0.7961630695443646,0.7124463519313304,0.8941509535616492,0.9502746529096582,0.765360894222369,0.9,0.007861162421066197,0.99
machine-2-8,23702,23703,161,1928,0.08143153526970955,0.9751552795031055,0.15031115366203926,0.9499640130418425,0.9947626311848626,0.8966106156130621,1.0,0.0752272534194206,0.99
machine-2-9,28722,28722,1755,2670,0.3052434456928839,0.46438746438746437,0.36836158192090396,0.6977998433666472,0.8915801385189897,0.41473468854800427,1.0,0.06878777765416991,0.99
machine-3-1,28700,28700,308,10332,0.01577622919086334,0.5292207792207793,0.030639097744360903,0.5855282537974846,0.6930955948813091,0.11548161449934662,1.0,0.3581642716258101,0.99
machine-3-10,23692,23693,1047,2307,0.3563068920676203,0.7851002865329513,0.49016100178890876,0.8597628960705028,0.870518425657103,0.7927263242901845,0.8461538461538461,0.0655744943919456,0.99
machine-3-11,28695,28696,198,1779,0.04609331084879146,0.41414141414141414,0.08295397066262013,0.6772966878412874,0.8189722333872801,0.15256378197555426,1.0,0.059548038458839214,0.99
machine-3-2,23702,23703,1109,241,0.1037344398340249,0.02254283137962128,0.037037037037037035,0.5064913855933248,0.6406277574909367,0.07264860991128984,0.8,0.009560060192971585,0.99
machine-3-3,23703,23703,632,163,0.26993865030674846,0.06962025316455696,0.11069182389937107,0.5322311313068244,0.7556014482535749,0.12715473577228018,0.38461538461538464,0.005157990550908066,0.99
machine-3-4,23687,23687,977,427,0.2576112412177986,0.11258955987717502,0.15669515669515668,0.5493154756673414,0.776055890501346,0.14527723395921238,1.0,0.013958608542492295,0.99
machine-3-5,23690,23691,426,6413,0.04210198035240917,0.6338028169014085,0.0789589121216552,0.6848790572794169,0.744886786151395,0.18926710827454088,0.6363636363636364,0.26404470234257466,0.99
machine-3-6,28726,28726,1194,1420,0.4373239436619718,0.5201005025125628,0.4751338944146901,0.7455398633440338,0.9425427843853876,0.4927144902559111,1.0,0.029020775824495134,0.99
machine-3-7,28705,28705,434,231,0.3116883116883117,0.16589861751152074,0.21654135338345865,0.5801372398512292,0.7022500463339759,0.17907546472087674,1.0,0.00562413780906229,0.99
machine-3-8,28703,28704,1371,3036,0.3020421607378129,0.6688548504741065,0.41615611527115953,0.7956647573996406,0.9182072535815468,0.5051789343438341,1.0,0.07752533567482531,0.99
machine-3-9,28713,28713,303,8645,0.01804511278195489,0.5148514851485149,0.0348681269557443,0.6080241234260702,0.7071960205524249,0.2107946280170632,1.0,0.2988032382963745,0.99
